<?xml version="1.0" encoding="utf-8"?>
<resources>
    <color name="colorPrimary">#000000</color>
    <color name="colorPrimaryDark">#000000</color>
    <color name="colorAccent">#D81B60</color>
    <color name="ic_launcher_background">#000000</color>
    <color name="colorWindowBackground">#000000</color>
    <color name="colorPrimaryFont">#FFFFFF</color>
    <color name="colorImagePrimary">#FFFFFF</color>
    <color name="colorImageSecondary">#AC66FF</color>
    <color name="colorImageSunny">#F1A400</color>
    <color name="color_font_grey">#868686</color>
    <color name="color_background_grey">#171717</color>
    <color name="selected_dot">#FFFFFF</color>
    <color name="default_dot">#171717</color>
    <color name="card_background">#1E1E1E</color>
    <color name="summary_font_color">#7D7C7D</color>
    <color name="max_tem_line_color">#F99D00</color>
    <color name="min_tem_line_color">#AC66FF</color>

</resources>
