<?xml version="1.0" encoding="utf-8"?>
<resources>
    <dimen name="daily_row_height">80dp</dimen>
    <dimen name="daily_img_height">40dp</dimen>
    <dimen name="fav_main_icon_width">100dp</dimen>
    <dimen name="today_cards_img_width">70dp</dimen>
    <dimen name="today_card_img_width">90dp</dimen>
    <dimen name="weekly_img_width">100dp</dimen>
    <dimen name="weekly_text_width">190dp</dimen>
    <dimen name="today_cards_width">130dp</dimen>
    <dimen name="today_cards_height">150dp</dimen>
    <dimen name="progress_width">50dp</dimen>
</resources>