<resources>

    <!-- Base application theme. -->
    <style name="AppTheme" parent="Theme.AppCompat.Light.DarkActionBar">
        <!-- Customize your theme here. -->
        <!--Appbar背景色，应用的主要色调，actionBar默认使用该颜色-->
        <item name="colorPrimary">@color/colorPrimary</item>
        <!--状态栏颜色，应用的主要暗色调，statusBarColor默认使用该颜色-->
        <item name="colorPrimaryDark">@color/colorPrimaryDark</item>
        <!--一般控件的选种效果默认采用该颜色-->
        <item name="colorAccent">@color/colorAccent</item>
        <!--页面背景色-->
        <item name="android:windowBackground">@color/colorWindowBackground</item>
    </style>

    <style name="AppTheme.Launcher">
        <item name="android:windowBackground">@drawable/launch_screen</item>
        <!-- Optional, on Android 5.0+ you can modify the colorPrimaryDark color to match the windowBackground color for further branding-->
        <!-- <item name="colorPrimaryDark">@android:color/white</item> -->
    </style>

</resources>
